<?xml version="1.0" encoding="UTF-8"?>
<beans xmlns="http://www.springframework.org/schema/beans"
	xmlns:xsi="http://www.w3.org/2001/XMLSchema-instance"
	xmlns:security="http://www.springframework.org/schema/security"
	xmlns:context="http://www.springframework.org/schema/context"
	xsi:schemaLocation="http://www.springframework.org/schema/security http://www.springframework.org/schema/security/spring-security.xsd
		http://www.springframework.org/schema/beans http://www.springframework.org/schema/beans/spring-beans.xsd
		http://www.springframework.org/schema/context http://www.springframework.org/schema/context/spring-context-4.3.xsd">
	
	<context:component-scan base-package="org.joonzis.security"></context:component-scan>
	<bean id="customLoginSuccess" class="org.joonzis.security.CustomLoginSucessHandler"></bean>
	<bean id="bcryptPasswordEncoder" 
      class="org.springframework.security.crypto.bcrypt.BCryptPasswordEncoder"></bean>
	
	<!-- HTTP 통신 보안 구성 -->
	<security:http auto-config="true">
		<security:intercept-url pattern="/sample/all" access="permitAll"/>
		<security:intercept-url pattern="/sample/member" access="hasRole('ROLE_MEMBER')"/>
		<security:intercept-url pattern="/sample/admin" access="hasRole('ROLE_ADMIN')"/>
		<!--<security:form-login/>  -->
		<!--<security:form-login login-page="/customLogin" authentication-success-handler-ref="customLoginSuccess" />  -->
		<security:form-login login-page="/customLogin"/>
		<security:logout logout-url="/customLogout" invalidate-session="true" delete-cookies="remember-me" logout-success-url="/?logout=success"/>
		<security:access-denied-handler ref="customAccessDeniedHandler"/>
		<security:csrf disabled="true"/>
		<security:remember-me data-source-ref="dataSource" token-validity-seconds="604800"/>
	</security:http>
	
	<!-- 사용자 인증 관리 -->
	<security:authentication-manager>
		<security:authentication-provider user-service-ref="customUserDetailService">
			<security:password-encoder ref="bcryptPasswordEncoder"/>
		</security:authentication-provider>
	</security:authentication-manager>
	
</beans>
