<?xml version="1.0" encoding="UTF-8" ?>
<!DOCTYPE mapper PUBLIC "-//mybatis.org//DTD Mapper 3.0//EN"
  "http://mybatis.org/dtd/mybatis-3-mapper.dtd">

<mapper namespace="org.joonzis.mapper.BoardMapper">
	<!-- 전체 리스트 -->
	<select id="getList" resultType="org.joonzis.domain.BoardVO">
		SELECT * FROM TBL_BOARD ORDER BY BNO
	</select>
	<!-- 데이터 추가 -->
	<insert id="insert" parameterType="org.joonzis.domain.BoardVO">
		INSERT INTO TBL_BOARD VALUES(
		seq_board.nextval,
		#{title},
		#{content},
		#{writer},
		sysdate,
		null,0)
	</insert>
	<!-- 게시글 상세 -->
	<select id="read" parameterType="int" resultType="org.joonzis.domain.BoardVO">
		SELECT * FROM TBL_BOARD WHERE BNO = #{bno}
	</select>
	<!-- 데이터 삭제 -->
	<delete id="delete" parameterType="int">
		DELETE FROM TBL_BOARD WHERE BNO = #{bno}
	</delete>
	<!-- 데이터 수정 -->
	<update id="update" parameterType="org.joonzis.domain.BoardVO">
		UPDATE TBL_BOARD SET 
		title=#{title},
		content=#{content},
		writer=#{writer},
		updatedate=sysdate
		where bno = #{bno}
	</update>
	<select id="getTotal" resultType="int">
		SELECT COUNT(*) FROM TBL_BOARD
	</select>
	<select id="getListByPage" parameterType="org.joonzis.domain.Criteria" resultType="org.joonzis.domain.BoardVO">
	<![CDATA[
		SELECT* FROM(
		SELECT ROWNUM rn, A.* FROM 
		(SELECT * FROM TBL_BOARD ORDER BY BNO DESC) A
		WHERE ROWNUM<=#{pageNum}*#{amount}) WHERE rn>(#{pageNum}-1)*#{amount}
	]]>
	</select>
	<update id="updateReplyCnt">
		UPDATE TBL_BOARD SET
		replycnt = replycnt + #{amount}
		where bno=#{bno}
	</update>
	<select id="getLastBno" resultType="int">
		SELECT MAX(BNO) FROM TBL_BOARD
	</select>
	<insert id="insertTest" parameterType="org.joonzis.domain.BoardVO">
		<selectKey keyProperty="bno" resultType="int" order="BEFORE">
			select seq_board.nextval from dual
		</selectKey>
		INSERT INTO TBL_BOARD VALUES(
			<!--  seq_board.nextval,-->
			#{bno},
			#{title},
			#{content},
			#{writer},
			sysdate,
			null,0)
	</insert>
</mapper>