<?xml version="1.0" encoding="UTF-8"?>
<!DOCTYPE mapper PUBLIC "-//mybatis.org//DTD Mapper 3.0//EN"
  "http://mybatis.org/dtd/mybatis-3-mapper.dtd">
<mapper namespace="org.joonzis.mapper.MemberMapper">
	<resultMap type="org.joonzis.domain.MemberVO" id="memberMap">
		<result property="userId" column="userId"/>
		<result property="userPw" column="userPw"/>
		<result property="userName" column="userName"/>
		<result property="regDate" column="regDate"/>
		<result property="updateDate" column="updateDate"/>
		<result property="enabled" column="enabled"/>
		<collection property="authList" resultMap="authMap"></collection>				
	</resultMap>
	
	<resultMap type="org.joonzis.domain.AuthVO" id="authMap">
		<result property="userId" column="userId"/>
		<result property="auth" column="auth"/> 
	</resultMap>
	
	<select id="read" resultMap="memberMap">
		SELECT 
			mem.*, auth.auth 
		FROM 
			tbl_member mem LEFT JOIN tbl_member_auth auth
		ON 
			mem.userID=auth.userID
		WHERE 
			mem.userId=#{userId}
	</select>
	<select id="getTupleById" parameterType="String" resultType="int">
		SELECT COUNT(*) FROM TBL_MEMBER WHERE USERID=#{userId}
	</select>
</mapper>