<?xml version="1.0" encoding="UTF-8" ?>
<!DOCTYPE mapper PUBLIC "-//mybatis.org//DTD Mapper 3.0//EN"
  "http://mybatis.org/dtd/mybatis-3-mapper.dtd">

<mapper namespace="org.joonzis.mapper.ReplyMapper">
	<select id="getList" parameterType="int" resultType="org.joonzis.domain.ReplyVO">
		SELECT * FROM TBL_REPLY WHERE BNO=#{bno} ORDER BY replydate desc
	</select>
	<select id="get" parameterType="int" resultType="org.joonzis.domain.ReplyVO">
		SELECT * FROM TBL_REPLY WHERE RNO=#{rno}
	</select>
	<insert id="insert" parameterType="org.joonzis.domain.ReplyVO">
		INSERT INTO TBL_REPLY VALUES(
			seq_reply.nextval,
			#{bno},
			#{reply},
			#{replyer},
			sysdate,
			null
		)
	</insert>
	<update id="update" parameterType="org.joonzis.domain.ReplyVO">
		UPDATE TBL_REPLY SET
		reply=#{reply},
		updatedate=sysdate
		where rno=#{rno}
	</update>
	<delete id="remove" parameterType="int">
		DELETE FROM TBL_REPLY WHERE rno=#{rno}
	</delete>
	
	<delete id="removeByBno" parameterType="int">
		DELETE FROM TBL_REPLY WHERE bno=#{bno}
	</delete>
</mapper>